,continuous,adaptive,notherapy
resistant_core,48.12234408255691,33.89823004228982,17.04816705690087
